,buying,maint,doors,persons,lug_boot,safety,Class
0,med,high,5more,4,med,low,unacc
1,high,low,3,more,small,high,acc
2,med,low,5more,more,big,low,unacc
3,low,low,5more,more,med,high,vgood
4,low,vhigh,3,2,big,low,unacc
5,med,vhigh,2,4,small,med,unacc
6,high,med,2,4,big,high,acc
7,vhigh,med,3,more,med,med,acc
8,med,med,5more,4,small,high,acc
9,med,vhigh,2,4,big,low,unacc
10,high,vhigh,2,more,med,high,unacc
11,low,low,3,more,big,med,good
12,vhigh,low,4,2,med,med,unacc
13,low,med,4,more,small,high,good
14,high,med,4,4,big,high,acc
15,low,high,2,4,med,high,acc
16,med,low,5more,2,med,med,unacc
17,med,high,5more,4,big,med,acc
18,low,low,2,4,big,high,vgood
19,vhigh,low,2,more,big,high,acc
20,low,med,4,4,med,med,good
21,low,low,3,more,med,low,unacc
22,low,high,4,more,small,high,acc
23,high,med,3,more,med,high,acc
24,vhigh,vhigh,4,more,med,med,unacc
25,low,med,2,4,med,low,unacc
26,med,high,2,2,small,med,unacc
27,vhigh,vhigh,3,4,med,high,unacc
28,low,vhigh,3,more,small,med,unacc
29,low,vhigh,3,2,med,med,unacc
30,med,high,2,2,med,high,unacc
31,vhigh,low,3,more,big,high,acc
32,med,med,3,more,med,med,acc
33,vhigh,low,4,2,big,med,unacc
34,low,med,3,4,big,low,unacc
35,high,vhigh,3,2,med,med,unacc
36,vhigh,med,4,4,med,med,acc
37,med,high,4,4,big,high,acc
38,med,low,2,2,big,med,unacc
39,low,high,3,more,big,med,acc
40,high,high,4,4,small,med,unacc
41,low,med,4,4,small,med,acc
42,vhigh,high,5more,4,big,high,unacc
43,low,high,3,more,big,low,unacc
44,low,low,2,4,med,med,acc
45,high,high,4,2,med,high,unacc
46,vhigh,high,5more,more,small,high,unacc
47,vhigh,med,5more,2,small,med,unacc
48,vhigh,low,2,4,small,low,unacc
49,med,med,5more,4,med,med,acc
50,med,med,3,2,med,med,unacc
51,vhigh,low,2,4,big,low,unacc
52,vhigh,med,4,more,big,high,acc
53,med,low,4,more,med,high,vgood
54,low,med,2,4,small,low,unacc
55,vhigh,vhigh,2,2,big,high,unacc
56,vhigh,med,2,2,big,med,unacc
57,low,med,2,2,small,low,unacc
58,med,med,3,2,small,low,unacc
59,low,high,5more,2,med,low,unacc
60,vhigh,low,2,4,small,high,acc
61,vhigh,med,4,2,small,low,unacc
62,vhigh,high,3,2,med,low,unacc
63,high,med,2,2,big,low,unacc
64,vhigh,low,5more,more,big,high,acc
65,high,med,4,2,big,high,unacc
66,vhigh,med,3,more,big,low,unacc
67,high,low,5more,4,small,high,acc
68,vhigh,high,2,more,small,high,unacc
69,low,med,2,more,small,high,unacc
70,high,vhigh,4,more,big,high,unacc
71,high,med,5more,2,med,med,unacc
72,high,med,4,2,med,high,unacc
73,low,vhigh,3,4,small,low,unacc
74,vhigh,high,2,2,med,high,unacc
75,med,high,5more,2,big,low,unacc
76,low,vhigh,4,4,small,med,unacc
77,vhigh,low,5more,4,big,med,acc
78,vhigh,vhigh,5more,more,small,high,unacc
79,high,med,2,4,big,med,acc
80,vhigh,high,3,more,med,low,unacc
81,vhigh,vhigh,2,more,big,high,unacc
82,med,low,2,4,med,high,good
83,med,low,2,4,big,med,good
84,low,high,4,more,big,high,vgood
85,high,high,4,4,small,low,unacc
86,low,vhigh,5more,more,big,med,acc
87,vhigh,low,4,more,big,med,acc
88,vhigh,low,3,2,med,high,unacc
89,med,high,3,4,med,low,unacc
90,low,low,4,2,big,med,unacc
91,low,med,3,more,big,high,vgood
92,low,med,3,2,med,high,unacc
93,high,med,4,2,big,med,unacc
94,med,low,4,more,big,high,vgood
95,med,high,3,4,big,high,acc
96,med,vhigh,3,more,med,low,unacc
97,med,low,2,more,med,high,good
98,high,med,3,more,big,med,acc
99,vhigh,vhigh,5more,4,big,high,unacc
100,low,vhigh,5more,2,small,med,unacc
101,low,vhigh,5more,4,med,low,unacc
102,high,low,5more,more,med,med,acc
103,high,med,2,more,big,high,acc
104,med,low,2,more,big,med,good
105,vhigh,low,5more,more,small,low,unacc
106,high,med,2,2,big,high,unacc
107,med,vhigh,5more,4,small,low,unacc
108,vhigh,med,3,2,big,low,unacc
109,high,low,2,4,med,high,acc
110,med,low,4,more,small,med,acc
111,high,high,3,2,small,med,unacc
112,med,vhigh,2,2,med,low,unacc
113,med,low,3,2,small,high,unacc
114,low,med,5more,more,med,low,unacc
115,vhigh,high,5more,2,big,high,unacc
116,vhigh,vhigh,5more,2,small,med,unacc
117,high,high,3,more,small,high,acc
118,med,low,5more,more,med,low,unacc
119,vhigh,med,3,4,med,high,acc
120,high,med,4,more,med,low,unacc
121,high,low,5more,2,med,low,unacc
122,low,med,4,2,med,high,unacc
123,low,vhigh,2,2,med,high,unacc
124,vhigh,low,4,2,med,low,unacc
125,high,low,5more,4,big,med,acc
126,med,med,5more,2,big,low,unacc
127,high,med,2,2,med,low,unacc
128,med,high,3,more,med,low,unacc
129,low,high,5more,2,big,low,unacc
130,vhigh,vhigh,3,more,small,med,unacc
131,low,high,5more,2,med,high,unacc
132,high,vhigh,3,4,small,high,unacc
133,low,med,3,more,small,med,acc
134,vhigh,high,3,4,big,high,unacc
135,med,high,3,more,big,med,acc
136,low,med,3,4,small,high,good
137,vhigh,vhigh,5more,2,big,low,unacc
138,med,high,5more,more,small,low,unacc
139,vhigh,high,3,2,small,med,unacc
140,med,vhigh,5more,4,big,low,unacc
141,vhigh,med,2,more,med,high,acc
142,med,high,2,4,big,med,acc
143,med,low,5more,4,small,low,unacc
144,high,high,2,more,small,low,unacc
145,vhigh,med,2,more,med,med,unacc
146,vhigh,med,4,more,med,high,acc
147,low,med,4,4,big,med,good
148,vhigh,vhigh,3,4,big,low,unacc
149,med,vhigh,4,2,big,high,unacc
150,med,vhigh,2,4,big,high,acc
151,low,high,5more,more,med,high,vgood
152,high,vhigh,3,more,small,med,unacc
153,low,vhigh,5more,2,med,high,unacc
154,vhigh,vhigh,4,more,big,high,unacc
155,med,vhigh,4,2,small,high,unacc
156,vhigh,vhigh,2,4,small,high,unacc
157,low,low,4,2,small,med,unacc
158,low,vhigh,4,4,big,low,unacc
159,med,vhigh,3,4,med,low,unacc
160,vhigh,low,3,4,big,low,unacc
161,high,low,2,4,med,med,unacc
162,vhigh,med,5more,4,med,med,acc
163,vhigh,high,4,2,big,high,unacc
164,low,med,3,more,big,low,unacc
165,low,vhigh,5more,2,big,low,unacc
166,high,vhigh,2,more,med,low,unacc
167,med,vhigh,3,more,small,low,unacc
168,low,high,3,4,big,high,vgood
169,low,vhigh,4,4,small,high,acc
170,vhigh,med,5more,more,med,low,unacc
171,high,low,4,more,med,low,unacc
172,vhigh,low,2,4,big,med,acc
173,high,vhigh,5more,4,big,high,unacc
174,high,high,2,more,big,high,acc
175,low,low,2,2,small,high,unacc
176,vhigh,med,3,more,big,med,acc
177,low,vhigh,4,more,med,high,acc
178,low,high,4,4,big,high,vgood
179,med,vhigh,2,2,med,high,unacc
180,vhigh,med,2,2,big,low,unacc
181,med,low,4,2,med,low,unacc
182,vhigh,high,2,2,small,low,unacc
183,high,vhigh,2,2,big,med,unacc
184,vhigh,high,4,2,med,low,unacc
185,low,vhigh,4,more,med,med,acc
186,vhigh,vhigh,2,4,big,low,unacc
187,low,low,5more,more,big,high,vgood
188,high,vhigh,3,4,big,med,unacc
189,high,med,3,4,big,med,acc
190,med,high,3,4,small,high,acc
191,vhigh,low,2,more,small,med,unacc
192,low,med,2,2,big,med,unacc
193,med,low,5more,2,small,med,unacc
194,vhigh,med,5more,4,small,low,unacc
195,vhigh,med,5more,4,small,med,unacc
196,med,med,2,4,med,med,acc
197,high,vhigh,2,4,small,med,unacc
198,vhigh,high,4,2,small,low,unacc
199,low,vhigh,3,4,small,med,unacc
200,high,med,5more,2,big,high,unacc
201,med,vhigh,3,4,small,low,unacc
202,vhigh,low,4,2,big,low,unacc
203,med,vhigh,4,2,med,med,unacc
204,low,med,5more,2,small,low,unacc
205,high,med,5more,2,big,low,unacc
206,high,med,4,4,big,low,unacc
207,low,med,5more,2,med,high,unacc
208,high,vhigh,2,more,small,high,unacc
209,high,high,3,2,med,low,unacc
210,vhigh,low,2,more,med,high,acc
211,low,low,4,4,med,high,vgood
212,high,vhigh,3,2,big,high,unacc
213,high,high,4,4,med,med,acc
214,high,med,3,4,small,med,unacc
215,med,high,3,more,small,med,unacc
216,med,high,4,4,med,high,acc
217,vhigh,vhigh,2,4,big,high,unacc
218,med,med,5more,4,big,low,unacc
219,high,med,5more,4,small,med,unacc
220,med,med,3,2,med,low,unacc
221,vhigh,high,4,more,big,low,unacc
222,low,high,5more,more,big,low,unacc
223,low,med,2,2,med,high,unacc
224,low,high,4,2,med,low,unacc
225,med,vhigh,2,more,big,med,acc
226,high,vhigh,3,more,small,low,unacc
227,med,med,5more,2,med,high,unacc
228,vhigh,vhigh,3,2,med,med,unacc
229,high,high,2,2,med,low,unacc
230,low,high,3,4,small,high,acc
231,high,vhigh,3,4,small,med,unacc
232,med,vhigh,4,4,big,low,unacc
233,med,low,3,4,med,high,good
234,vhigh,med,2,4,big,high,acc
235,vhigh,vhigh,4,more,big,med,unacc
236,med,low,3,more,med,high,vgood
237,med,vhigh,5more,more,small,low,unacc
238,vhigh,low,3,more,small,low,unacc
239,low,med,4,more,big,high,vgood
240,high,high,3,4,small,high,acc
241,low,med,2,4,big,low,unacc
242,vhigh,low,3,2,big,med,unacc
243,vhigh,low,5more,2,small,med,unacc
244,low,med,4,2,med,low,unacc
245,med,vhigh,3,2,med,high,unacc
246,low,med,5more,more,small,low,unacc
247,low,vhigh,5more,2,med,med,unacc
248,high,med,3,more,big,high,acc
249,vhigh,high,2,4,small,high,unacc
250,med,med,4,4,small,low,unacc
251,low,high,3,more,small,med,acc
252,low,low,2,2,small,med,unacc
253,low,high,3,more,small,high,acc
254,low,med,4,2,big,med,unacc
255,low,med,5more,2,big,low,unacc
256,high,med,3,more,med,med,acc
257,vhigh,med,4,2,small,med,unacc
258,med,high,2,4,big,low,unacc
259,med,high,2,2,big,med,unacc
260,med,high,3,2,big,med,unacc
261,high,med,4,4,small,high,acc
262,low,vhigh,2,2,small,high,unacc
263,vhigh,vhigh,4,2,small,med,unacc
264,high,med,2,more,med,high,acc
265,low,med,2,more,med,low,unacc
266,high,vhigh,2,4,big,med,unacc
267,high,vhigh,3,4,med,low,unacc
268,med,high,5more,more,med,med,acc
269,low,low,4,2,big,low,unacc
270,vhigh,low,2,2,small,med,unacc
271,high,low,2,more,big,high,acc
272,med,high,5more,more,small,high,acc
273,vhigh,low,5more,4,big,low,unacc
274,vhigh,low,2,2,big,high,unacc
275,high,med,2,4,small,high,acc
276,high,high,2,4,small,low,unacc
277,vhigh,high,5more,4,med,med,unacc
278,med,low,5more,2,small,low,unacc
279,low,low,2,2,big,med,unacc
280,med,med,4,4,med,high,vgood
281,med,vhigh,5more,4,small,med,unacc
282,low,low,2,more,med,low,unacc
283,high,low,2,2,med,med,unacc
284,med,med,2,more,big,high,vgood
285,vhigh,high,2,more,med,med,unacc
286,med,med,3,4,med,low,unacc
287,vhigh,low,3,more,med,low,unacc
288,high,low,2,2,small,low,unacc
289,low,med,5more,4,med,low,unacc
290,med,vhigh,3,more,big,low,unacc
291,low,med,5more,4,med,high,vgood
292,high,high,5more,2,med,high,unacc
293,med,high,3,4,big,low,unacc
294,vhigh,vhigh,4,4,med,med,unacc
295,med,med,4,more,small,med,acc
296,vhigh,high,5more,more,big,med,unacc
297,vhigh,high,5more,more,med,high,unacc
298,vhigh,high,4,4,small,med,unacc
299,vhigh,med,3,4,small,low,unacc
300,med,low,3,4,med,med,acc
301,vhigh,vhigh,3,more,med,med,unacc
302,vhigh,vhigh,3,more,big,high,unacc
303,low,high,2,4,big,med,acc
304,high,high,2,2,big,med,unacc
305,vhigh,low,2,4,small,med,unacc
306,high,vhigh,4,2,big,high,unacc
307,low,low,5more,2,small,low,unacc
308,med,vhigh,3,4,small,med,unacc
309,vhigh,high,3,2,big,med,unacc
310,med,high,4,2,med,med,unacc
311,vhigh,low,4,more,med,high,acc
312,low,med,2,more,big,med,good
313,high,vhigh,5more,more,small,low,unacc
314,low,vhigh,4,2,big,low,unacc
315,high,high,3,4,big,med,acc
316,med,med,3,2,big,med,unacc
317,low,low,2,4,small,low,unacc
318,vhigh,vhigh,3,2,small,med,unacc
319,med,high,4,4,small,high,acc
320,vhigh,low,4,2,small,low,unacc
321,high,vhigh,3,4,big,high,unacc
322,high,high,5more,more,small,high,acc
323,vhigh,low,2,2,med,low,unacc
324,high,high,3,4,small,med,unacc
325,low,high,3,4,med,high,acc
326,low,vhigh,4,2,med,med,unacc
327,med,vhigh,4,4,big,high,acc
328,vhigh,high,3,2,med,high,unacc
329,med,vhigh,3,2,small,high,unacc
330,med,vhigh,3,2,big,low,unacc
331,high,low,5more,2,small,med,unacc
332,high,med,3,4,big,low,unacc
333,low,med,3,2,med,med,unacc
334,low,high,3,2,med,med,unacc
335,vhigh,med,4,2,med,high,unacc
336,med,vhigh,2,more,med,low,unacc
337,low,vhigh,2,4,big,high,acc
338,med,med,2,4,med,high,acc
339,low,med,4,more,med,high,vgood
340,vhigh,vhigh,2,more,small,med,unacc
341,vhigh,vhigh,2,4,med,low,unacc
342,high,low,5more,4,small,med,unacc
343,vhigh,low,2,2,big,med,unacc
344,high,med,4,4,med,low,unacc
345,med,vhigh,5more,4,big,high,acc
346,low,med,5more,2,med,med,unacc
347,vhigh,med,3,2,med,high,unacc
348,low,vhigh,4,4,med,low,unacc
349,vhigh,med,4,4,big,med,acc
350,low,high,3,more,big,high,vgood
351,high,high,4,4,big,med,acc
352,low,vhigh,2,more,small,med,unacc
353,low,vhigh,5more,more,small,low,unacc
354,vhigh,med,3,2,small,med,unacc
355,vhigh,med,5more,more,med,high,acc
356,med,med,2,more,big,med,acc
357,vhigh,med,3,4,big,low,unacc
358,high,high,3,4,med,med,unacc
359,low,low,5more,4,big,med,good
360,vhigh,med,4,2,big,high,unacc
361,vhigh,vhigh,3,4,small,low,unacc
362,low,high,4,more,med,med,acc
363,high,low,4,2,small,low,unacc
364,low,vhigh,3,4,med,med,unacc
365,vhigh,low,3,4,small,high,acc
366,vhigh,low,2,2,big,low,unacc
367,vhigh,low,4,4,med,med,acc
368,med,low,4,more,small,low,unacc
369,high,vhigh,4,more,big,med,unacc
370,high,vhigh,5more,2,small,high,unacc
371,low,low,2,more,med,med,acc
372,high,med,4,more,med,high,acc
373,high,med,3,more,med,low,unacc
374,low,med,4,more,big,low,unacc
375,low,med,4,4,small,low,unacc
376,med,med,4,4,big,high,vgood
377,med,med,3,4,small,med,acc
378,vhigh,med,5more,more,small,med,unacc
379,med,high,3,4,med,med,unacc
380,med,low,5more,more,big,high,vgood
381,low,high,2,4,med,low,unacc
382,med,low,4,4,med,high,vgood
383,vhigh,high,5more,more,med,low,unacc
384,high,high,2,2,small,low,unacc
385,med,vhigh,5more,more,med,high,acc
386,high,low,5more,2,small,high,unacc
387,med,low,2,more,big,low,unacc
388,med,med,5more,more,small,high,acc
389,low,low,3,2,big,low,unacc
390,high,low,4,2,small,med,unacc
391,vhigh,high,4,4,big,low,unacc
392,med,high,4,4,big,low,unacc
393,med,vhigh,2,more,small,med,unacc
394,low,med,4,2,big,high,unacc
395,vhigh,vhigh,5more,more,small,med,unacc
396,med,med,2,more,big,low,unacc
397,vhigh,low,4,more,med,low,unacc
398,low,high,2,2,small,high,unacc
399,low,med,2,4,med,med,acc
400,high,low,3,more,med,low,unacc
401,vhigh,vhigh,4,more,big,low,unacc
402,vhigh,med,2,more,small,high,unacc
403,med,high,2,more,big,med,acc
404,med,med,5more,more,med,high,vgood
405,med,vhigh,4,more,med,high,acc
406,high,low,2,more,med,med,unacc
407,high,med,5more,2,small,med,unacc
408,low,med,3,4,big,high,vgood
409,vhigh,low,5more,2,big,high,unacc
410,med,high,3,2,big,high,unacc
411,med,low,4,4,big,high,vgood
412,med,low,4,2,small,med,unacc
413,low,low,3,more,big,high,vgood
414,vhigh,vhigh,4,4,big,low,unacc
415,low,high,4,4,big,med,acc
416,vhigh,low,2,4,med,high,acc
417,low,low,3,4,small,low,unacc
418,vhigh,low,4,more,small,med,unacc
419,vhigh,low,5more,more,big,low,unacc
420,high,med,3,4,small,high,acc
421,low,vhigh,3,4,med,high,acc
422,vhigh,med,3,2,big,high,unacc
423,vhigh,med,5more,2,big,low,unacc
424,med,high,2,more,med,low,unacc
425,high,vhigh,2,more,big,med,unacc
426,high,vhigh,2,more,big,low,unacc
427,vhigh,high,3,4,med,high,unacc
428,high,med,5more,more,med,med,acc
429,low,med,3,4,med,low,unacc
430,high,med,5more,more,med,high,acc
431,high,high,4,more,big,high,acc
432,med,high,5more,2,small,med,unacc
433,high,low,3,4,small,med,unacc
434,low,high,5more,4,med,low,unacc
435,vhigh,vhigh,5more,4,small,low,unacc
436,low,med,2,2,big,high,unacc
437,low,vhigh,4,2,small,high,unacc
438,vhigh,vhigh,2,4,med,med,unacc
439,med,vhigh,5more,2,med,high,unacc
440,high,low,5more,2,big,low,unacc
441,med,low,3,2,big,low,unacc
442,high,high,5more,4,small,low,unacc
443,vhigh,low,3,2,med,med,unacc
444,low,low,5more,4,small,low,unacc
445,low,high,5more,more,med,low,unacc
446,vhigh,high,3,more,med,med,unacc
447,high,high,4,2,small,low,unacc
448,low,low,5more,more,big,med,good
449,med,med,5more,4,med,high,vgood
450,vhigh,high,4,more,small,high,unacc
451,vhigh,high,2,4,small,low,unacc
452,high,low,4,4,big,high,acc
453,vhigh,high,2,4,big,high,unacc
454,med,vhigh,4,more,small,med,unacc
455,vhigh,high,2,2,med,med,unacc
456,vhigh,med,3,4,med,med,unacc
457,high,med,4,2,big,low,unacc
458,med,high,4,4,med,med,acc
459,med,high,5more,more,big,high,acc
460,vhigh,high,4,more,small,low,unacc
461,med,vhigh,3,more,med,high,acc
462,med,high,4,2,small,low,unacc
463,med,high,5more,4,small,med,unacc
464,vhigh,vhigh,2,4,small,low,unacc
465,med,low,3,4,med,low,unacc
466,med,vhigh,5more,more,big,low,unacc
467,high,vhigh,4,more,small,high,unacc
468,med,high,5more,more,big,med,acc
469,low,low,3,4,small,high,good
470,vhigh,high,5more,2,med,high,unacc
471,med,vhigh,5more,more,small,high,acc
472,med,vhigh,2,4,med,low,unacc
473,vhigh,vhigh,4,more,small,low,unacc
474,med,low,2,more,med,low,unacc
475,high,high,4,more,med,med,acc
476,high,vhigh,3,2,small,high,unacc
477,vhigh,low,3,4,small,med,unacc
478,med,high,5more,2,big,med,unacc
479,low,low,3,4,big,high,vgood
480,vhigh,vhigh,2,2,small,med,unacc
481,high,low,2,2,big,high,unacc
482,vhigh,med,4,4,small,high,acc
483,med,med,5more,more,small,med,acc
484,high,vhigh,3,more,big,low,unacc
485,high,high,5more,4,med,low,unacc
486,vhigh,high,2,4,med,low,unacc
487,vhigh,vhigh,2,more,med,low,unacc
488,high,high,3,2,med,high,unacc
489,low,low,5more,4,med,med,good
490,vhigh,high,5more,4,small,low,unacc
491,med,med,3,more,med,low,unacc
492,high,high,4,2,small,med,unacc
493,low,vhigh,4,2,med,low,unacc
494,med,high,2,more,big,high,acc
495,med,high,3,more,small,high,acc
496,med,high,5more,more,small,med,unacc
497,low,high,5more,4,big,high,vgood
498,low,low,4,more,small,med,acc
499,med,high,5more,2,big,high,unacc
500,med,high,4,more,big,med,acc
501,med,vhigh,3,more,small,high,acc
502,high,vhigh,5more,4,small,high,unacc
503,vhigh,low,2,2,small,high,unacc
504,med,high,4,4,med,low,unacc
505,high,high,3,2,small,low,unacc
506,vhigh,high,2,2,med,low,unacc
507,vhigh,low,5more,more,small,med,unacc
508,low,vhigh,5more,4,small,low,unacc
509,high,high,3,2,big,high,unacc
510,med,low,5more,4,big,high,vgood
511,vhigh,high,5more,2,big,low,unacc
512,low,high,4,4,small,low,unacc
513,high,high,4,4,big,low,unacc
514,low,high,5more,more,med,med,acc
515,vhigh,med,4,more,med,med,acc
516,med,high,5more,2,small,low,unacc
517,vhigh,vhigh,5more,4,small,high,unacc
518,vhigh,vhigh,3,4,big,high,unacc
519,med,med,2,2,small,low,unacc
520,vhigh,high,3,more,small,med,unacc
521,med,low,3,more,med,low,unacc
522,vhigh,low,5more,more,big,med,acc
523,low,med,2,more,med,med,acc
524,vhigh,high,2,more,small,med,unacc
525,med,vhigh,2,2,small,high,unacc
526,med,high,3,more,med,med,acc
527,vhigh,low,3,4,small,low,unacc
528,high,high,5more,more,big,med,acc
529,low,high,4,2,small,low,unacc
530,high,vhigh,5more,2,med,high,unacc
531,vhigh,low,3,more,med,med,acc
532,med,high,4,2,small,med,unacc
533,vhigh,vhigh,2,more,big,med,unacc
534,vhigh,low,2,more,small,high,unacc
535,high,low,4,4,small,high,acc
536,high,med,4,4,med,med,acc
537,med,high,3,2,big,low,unacc
538,med,vhigh,5more,4,med,low,unacc
539,high,high,5more,more,big,high,acc
540,high,low,2,2,small,med,unacc
541,high,vhigh,4,2,med,low,unacc
542,med,low,3,more,small,high,good
543,high,high,3,2,med,med,unacc
544,low,vhigh,4,more,med,low,unacc
545,low,med,5more,more,small,med,acc
546,low,med,4,2,big,low,unacc
547,high,med,2,2,small,low,unacc
548,high,med,4,more,big,high,acc
549,high,med,3,2,big,med,unacc
550,vhigh,med,3,2,med,med,unacc
551,vhigh,vhigh,3,2,med,low,unacc
552,low,vhigh,3,2,big,med,unacc
553,med,high,2,more,small,high,unacc
554,high,vhigh,5more,more,med,high,unacc
555,high,high,2,more,small,high,unacc
556,low,vhigh,2,4,med,low,unacc
557,low,high,5more,2,small,high,unacc
558,high,vhigh,2,more,small,med,unacc
559,high,high,4,4,med,high,acc
560,low,vhigh,5more,4,big,med,acc
561,high,med,3,more,small,high,acc
562,low,med,2,2,med,low,unacc
563,low,vhigh,2,more,big,med,acc
564,high,high,4,more,big,med,acc
565,high,med,2,more,small,low,unacc
566,med,low,5more,4,med,low,unacc
567,vhigh,low,3,2,med,low,unacc
568,low,low,5more,4,big,low,unacc
569,low,low,2,4,med,low,unacc
570,low,high,3,4,small,med,acc
571,high,med,4,2,med,med,unacc
572,low,med,2,more,small,med,unacc
573,high,high,5more,4,med,high,acc
574,vhigh,high,3,more,med,high,unacc
575,low,vhigh,5more,4,small,med,unacc
576,vhigh,vhigh,3,more,med,low,unacc
577,low,vhigh,5more,2,big,high,unacc
578,high,low,4,more,big,med,acc
579,med,med,4,4,big,med,acc
580,low,med,4,more,med,low,unacc
581,med,high,4,more,big,high,acc
582,med,vhigh,5more,4,med,high,acc
583,low,med,3,2,small,med,unacc
584,high,low,4,4,small,med,unacc
585,med,med,5more,more,big,low,unacc
586,vhigh,high,2,more,small,low,unacc
587,high,low,3,more,big,high,acc
588,high,vhigh,5more,4,med,med,unacc
589,low,low,5more,2,med,high,unacc
590,low,low,5more,more,small,med,acc
591,vhigh,low,4,2,small,high,unacc
592,low,high,2,4,big,high,vgood
593,low,med,2,4,med,high,good
594,med,med,5more,4,med,low,unacc
595,high,high,5more,2,big,low,unacc
596,low,med,3,4,med,med,acc
597,low,vhigh,4,more,big,low,unacc
598,vhigh,high,4,4,med,high,unacc
599,med,high,5more,more,med,high,acc
600,low,high,2,2,small,med,unacc
601,med,high,4,2,med,high,unacc
602,med,low,5more,4,med,med,good
603,vhigh,med,5more,4,big,low,unacc
604,high,high,5more,more,small,low,unacc
605,high,vhigh,4,4,med,low,unacc
606,med,med,2,2,big,med,unacc
607,high,high,5more,4,big,med,acc
608,low,high,3,more,small,low,unacc
609,low,vhigh,2,2,med,med,unacc
610,low,med,5more,4,small,high,good
611,low,low,4,more,big,low,unacc
612,high,high,2,2,small,high,unacc
613,high,low,3,4,small,high,acc
614,vhigh,low,5more,4,small,high,acc
615,high,med,3,2,small,high,unacc
616,med,vhigh,4,more,small,low,unacc
617,vhigh,high,4,4,small,high,unacc
618,med,high,4,more,small,med,unacc
619,med,high,4,2,big,low,unacc
620,med,vhigh,5more,2,small,low,unacc
621,low,vhigh,4,2,big,high,unacc
622,high,high,3,4,big,low,unacc
623,vhigh,low,4,4,med,high,acc
624,med,low,5more,2,med,low,unacc
625,vhigh,low,5more,2,big,med,unacc
626,med,med,3,2,med,high,unacc
627,high,low,5more,more,big,med,acc
628,med,med,3,more,small,high,acc
629,high,low,3,more,small,med,unacc
630,vhigh,vhigh,3,4,med,med,unacc
631,vhigh,vhigh,5more,4,med,low,unacc
632,low,vhigh,4,4,med,med,acc
633,vhigh,med,5more,more,small,high,acc
634,med,low,5more,more,small,high,good
635,high,vhigh,5more,more,big,med,unacc
636,high,med,5more,2,med,high,unacc
637,high,low,5more,more,big,high,acc
638,med,low,2,2,med,med,unacc
639,med,low,2,2,small,high,unacc
640,med,high,3,4,small,low,unacc
641,high,med,2,4,small,med,unacc
642,high,med,2,more,med,low,unacc
643,low,vhigh,2,more,small,high,unacc
644,med,low,2,more,big,high,vgood
645,med,vhigh,3,2,big,high,unacc
646,low,low,5more,2,big,low,unacc
647,med,med,4,4,small,med,acc
648,high,vhigh,4,4,small,high,unacc
649,high,low,3,more,med,med,acc
650,med,med,2,4,small,high,acc
651,med,med,4,2,big,high,unacc
652,med,low,3,2,big,med,unacc
653,high,low,2,2,med,high,unacc
654,high,vhigh,2,2,med,med,unacc
655,high,high,2,2,small,med,unacc
656,low,high,5more,2,med,med,unacc
657,low,vhigh,2,2,small,low,unacc
658,med,med,3,more,big,low,unacc
659,med,low,2,2,small,low,unacc
660,med,vhigh,4,2,small,low,unacc
661,vhigh,med,4,4,small,low,unacc
662,low,high,4,4,small,med,acc
663,high,low,2,more,med,low,unacc
664,vhigh,low,5more,more,small,high,acc
665,med,vhigh,4,more,big,med,acc
666,high,vhigh,4,4,med,high,unacc
667,high,high,4,2,big,med,unacc
668,low,vhigh,5more,4,small,high,acc
669,high,vhigh,3,more,med,low,unacc
670,high,high,5more,4,big,low,unacc
671,vhigh,med,3,4,big,med,acc
672,high,vhigh,4,4,big,med,unacc
673,med,high,2,2,small,low,unacc
674,med,low,4,2,small,low,unacc
675,high,med,4,more,med,med,acc
676,high,low,5more,more,big,low,unacc
677,med,high,4,more,med,low,unacc
678,high,vhigh,3,2,big,med,unacc
679,low,high,5more,2,small,med,unacc
680,med,high,2,more,med,med,unacc
681,low,vhigh,5more,more,small,med,unacc
682,vhigh,high,3,4,small,high,unacc
683,med,high,5more,2,med,med,unacc
684,vhigh,vhigh,2,4,big,med,unacc
685,med,low,4,4,big,low,unacc
686,low,high,4,more,big,med,acc
687,high,med,5more,4,big,low,unacc
688,low,med,4,4,big,high,vgood
689,med,low,5more,2,big,med,unacc
690,vhigh,med,2,2,small,high,unacc
691,low,vhigh,2,4,big,med,acc
692,low,high,2,more,med,low,unacc
693,med,vhigh,3,more,big,med,acc
694,high,high,4,more,med,high,acc
695,low,low,4,more,small,high,good
696,high,vhigh,2,4,big,low,unacc
697,vhigh,high,5more,4,small,med,unacc
698,high,low,2,4,small,med,unacc
699,low,high,3,2,big,low,unacc
700,low,low,5more,more,med,low,unacc
701,low,high,5more,more,small,high,acc
702,high,vhigh,2,4,med,high,unacc
703,vhigh,med,2,more,big,low,unacc
704,low,med,3,4,small,med,acc
705,vhigh,low,5more,4,small,low,unacc
706,high,med,5more,more,small,low,unacc
707,high,vhigh,2,more,big,high,unacc
708,high,low,5more,more,small,low,unacc
709,high,vhigh,5more,more,med,low,unacc
710,med,low,2,4,small,low,unacc
711,low,med,3,2,small,high,unacc
712,low,vhigh,2,4,small,med,unacc
713,high,high,3,more,small,med,unacc
714,vhigh,high,3,4,small,med,unacc
715,low,med,5more,more,med,med,good
716,low,med,4,more,small,med,acc
717,low,low,4,2,small,high,unacc
718,med,high,3,2,small,med,unacc
719,high,vhigh,3,4,med,med,unacc
720,high,high,3,4,big,high,acc
721,high,med,5more,4,small,low,unacc
722,high,low,2,2,big,low,unacc
723,vhigh,vhigh,2,2,big,low,unacc
724,low,low,5more,4,small,high,good
725,high,low,5more,4,med,low,unacc
726,low,high,5more,4,big,med,acc
727,high,vhigh,4,more,med,high,unacc
728,vhigh,vhigh,3,2,big,med,unacc
729,high,vhigh,2,2,small,high,unacc
730,vhigh,low,2,more,med,low,unacc
731,low,vhigh,4,2,small,low,unacc
732,med,low,5more,2,small,high,unacc
733,low,high,3,more,med,low,unacc
734,med,med,5more,4,small,low,unacc
735,high,high,2,2,med,high,unacc
736,high,med,4,4,small,low,unacc
737,high,vhigh,5more,more,small,high,unacc
738,vhigh,vhigh,2,2,med,med,unacc
739,med,med,3,2,small,high,unacc
740,vhigh,med,2,4,big,low,unacc
741,high,med,5more,4,big,med,acc
742,vhigh,high,2,2,small,med,unacc
743,high,vhigh,5more,more,big,low,unacc
744,med,med,2,2,med,med,unacc
745,low,med,2,more,big,low,unacc
746,high,low,2,2,small,high,unacc
747,high,low,5more,more,med,low,unacc
748,high,low,4,4,med,low,unacc
749,low,low,4,4,big,high,vgood
750,med,low,3,2,small,med,unacc
751,high,med,5more,more,big,high,acc
752,low,vhigh,3,4,big,med,acc
753,med,vhigh,2,more,big,low,unacc
754,vhigh,high,2,4,med,high,unacc
755,med,vhigh,5more,2,big,low,unacc
756,low,med,2,2,big,low,unacc
757,vhigh,low,3,2,small,high,unacc
758,low,vhigh,3,4,med,low,unacc
759,low,med,4,4,small,high,good
760,high,high,4,4,med,low,unacc
761,vhigh,low,5more,4,med,med,acc
762,low,med,2,2,small,med,unacc
763,vhigh,med,3,more,big,high,acc
764,med,high,3,2,small,low,unacc
765,low,high,2,4,big,low,unacc
766,high,med,5more,4,med,med,acc
767,high,low,4,more,small,high,acc
768,vhigh,high,5more,2,big,med,unacc
769,med,high,3,2,med,high,unacc
770,med,med,2,more,med,high,acc
771,med,vhigh,3,2,big,med,unacc
772,med,low,4,more,big,low,unacc
773,med,vhigh,2,2,big,high,unacc
774,med,med,3,more,small,low,unacc
775,low,low,2,more,small,low,unacc
776,med,high,2,4,med,high,acc
777,high,med,3,4,med,high,acc
778,high,vhigh,5more,more,big,high,unacc
779,low,med,5more,4,med,med,good
780,low,high,2,more,big,med,acc
781,high,med,4,more,big,low,unacc
782,high,vhigh,4,more,med,low,unacc
783,vhigh,low,2,more,big,low,unacc
784,med,high,3,more,big,low,unacc
785,low,vhigh,4,4,med,high,acc
786,vhigh,med,5more,more,small,low,unacc
787,med,low,5more,4,small,med,acc
788,vhigh,high,3,more,big,med,unacc
789,vhigh,med,5more,2,med,med,unacc
790,high,low,3,4,small,low,unacc
791,med,vhigh,3,more,med,med,acc
792,high,vhigh,3,more,small,high,unacc
793,med,vhigh,2,2,big,med,unacc
794,low,vhigh,2,more,big,high,acc
795,low,med,3,more,small,high,good
796,low,low,3,2,med,low,unacc
797,vhigh,low,5more,more,med,low,unacc
798,low,low,4,2,small,low,unacc
799,low,low,3,2,small,med,unacc
800,high,high,3,2,big,med,unacc
801,med,vhigh,3,2,med,med,unacc
802,low,vhigh,2,2,small,med,unacc
803,high,vhigh,5more,2,big,med,unacc
804,vhigh,med,3,2,small,low,unacc
805,low,low,4,4,med,med,good
806,low,vhigh,4,4,small,low,unacc
807,med,high,5more,more,big,low,unacc
808,low,vhigh,2,2,big,high,unacc
809,med,med,4,2,small,low,unacc
810,low,high,2,2,med,low,unacc
811,high,med,5more,more,small,med,unacc
812,low,vhigh,5more,2,small,low,unacc
813,med,vhigh,2,more,small,high,unacc
814,med,low,2,2,med,high,unacc
815,med,high,3,4,small,med,unacc
816,med,low,3,2,small,low,unacc
817,low,vhigh,5more,4,big,high,acc
818,vhigh,med,3,2,small,high,unacc
819,vhigh,low,2,4,big,high,acc
820,low,vhigh,4,4,big,high,acc
821,med,low,2,4,small,med,acc
822,high,low,5more,4,small,low,unacc
823,med,low,3,more,small,med,acc
824,high,low,5more,2,med,med,unacc
825,high,low,4,2,big,high,unacc
826,low,vhigh,3,more,small,low,unacc
827,low,med,3,4,big,med,good
828,low,high,2,more,med,high,acc
829,high,vhigh,4,4,small,low,unacc
830,med,low,4,more,big,med,good
831,high,low,4,more,small,med,unacc
832,vhigh,low,4,4,med,low,unacc
833,high,med,2,2,big,med,unacc
834,low,med,5more,2,small,med,unacc
835,vhigh,vhigh,4,more,small,high,unacc
836,vhigh,low,4,2,big,high,unacc
837,med,high,2,4,med,med,unacc
838,high,vhigh,5more,2,big,low,unacc
839,vhigh,med,4,4,big,low,unacc
840,high,med,4,4,big,med,acc
841,high,med,4,more,small,med,unacc
842,low,med,5more,more,small,high,good
843,vhigh,med,3,more,small,low,unacc
844,vhigh,med,3,4,big,high,acc
845,low,high,3,2,med,high,unacc
846,med,low,5more,4,med,high,vgood
847,med,low,4,4,small,high,good
848,med,high,2,more,med,high,acc
849,med,med,5more,2,big,high,unacc
850,low,vhigh,2,4,small,low,unacc
851,high,vhigh,3,more,big,med,unacc
852,vhigh,med,2,4,small,low,unacc
853,low,vhigh,5more,more,med,med,acc
854,med,low,5more,2,big,low,unacc
855,med,vhigh,3,4,med,high,acc
856,low,low,4,more,med,low,unacc
857,high,med,2,more,small,high,unacc
858,vhigh,low,3,2,big,low,unacc
859,high,high,5more,2,med,med,unacc
860,high,vhigh,5more,more,med,med,unacc
861,vhigh,high,5more,4,med,low,unacc
862,low,low,5more,4,med,high,vgood
863,med,med,3,4,med,high,acc
864,vhigh,high,2,2,small,high,unacc
865,low,high,5more,2,big,high,unacc
866,low,med,4,4,big,low,unacc
867,med,med,3,4,small,low,unacc
868,med,low,5more,4,big,low,unacc
869,high,low,4,2,big,med,unacc
870,high,med,2,2,small,med,unacc
871,high,high,2,4,med,high,acc
872,med,vhigh,4,more,med,med,acc
873,low,high,4,4,med,low,unacc
874,high,vhigh,2,2,med,high,unacc
875,high,low,2,more,small,low,unacc
876,high,low,2,more,med,high,acc
877,med,low,4,2,big,med,unacc
878,high,high,2,4,big,low,unacc
879,vhigh,high,3,4,med,low,unacc
880,high,low,5more,more,small,med,unacc
881,high,high,3,2,small,high,unacc
882,vhigh,high,3,more,big,high,unacc
883,vhigh,med,2,more,big,high,acc
884,low,low,2,4,big,low,unacc
885,vhigh,vhigh,4,more,med,low,unacc
886,med,med,2,2,small,high,unacc
887,high,low,5more,4,med,high,acc
888,low,high,4,4,big,low,unacc
889,low,vhigh,2,4,big,low,unacc
890,med,vhigh,5more,4,med,med,acc
891,low,low,5more,2,small,med,unacc
892,vhigh,med,2,more,small,low,unacc
893,med,med,2,2,med,high,unacc
894,vhigh,vhigh,3,2,big,high,unacc
895,vhigh,med,5more,more,big,med,acc
896,med,vhigh,4,4,big,med,acc
897,vhigh,med,3,more,small,high,acc
898,vhigh,vhigh,4,2,med,low,unacc
899,vhigh,high,5more,4,med,high,unacc
900,vhigh,high,2,4,big,med,unacc
901,high,low,3,2,med,med,unacc
902,high,low,3,4,med,med,unacc
903,low,low,4,4,small,high,good
904,med,low,4,4,small,med,acc
905,med,high,5more,4,med,high,acc
906,med,med,2,4,big,low,unacc
907,low,high,2,4,small,high,acc
908,high,low,3,2,small,low,unacc
909,low,high,5more,more,big,med,acc
910,vhigh,high,5more,4,small,high,unacc
911,high,low,3,2,small,med,unacc
912,med,med,3,2,small,med,unacc
913,high,low,4,4,med,med,acc
914,low,vhigh,2,more,big,low,unacc
915,low,vhigh,3,2,big,high,unacc
916,med,vhigh,5more,4,small,high,acc
917,high,high,5more,more,med,high,acc
918,vhigh,vhigh,2,4,med,high,unacc
919,vhigh,low,3,more,big,med,acc
920,vhigh,vhigh,5more,more,small,low,unacc
921,med,low,2,4,med,med,acc
922,low,vhigh,4,2,big,med,unacc
923,low,vhigh,3,more,med,low,unacc
924,med,med,2,4,small,med,acc
925,med,vhigh,4,2,med,high,unacc
926,med,high,4,2,med,low,unacc
927,low,vhigh,3,4,big,high,acc
928,high,med,3,more,small,low,unacc
929,high,low,4,more,big,low,unacc
930,vhigh,low,3,4,med,high,acc
931,vhigh,med,4,4,small,med,unacc
932,med,high,2,2,med,low,unacc
933,low,vhigh,4,more,big,high,acc
934,vhigh,high,4,more,big,high,unacc
935,vhigh,high,2,more,big,high,unacc
936,vhigh,med,3,2,big,med,unacc
937,med,med,4,4,med,low,unacc
938,low,low,3,2,med,med,unacc
939,vhigh,med,5more,4,big,high,acc
940,med,high,2,4,med,low,unacc
941,low,med,5more,4,big,med,good
942,low,vhigh,2,4,small,high,acc
943,high,low,5more,4,big,high,acc
944,high,vhigh,3,2,small,low,unacc
945,high,high,4,more,med,low,unacc
946,med,med,4,2,med,low,unacc
947,high,high,5more,2,med,low,unacc
948,vhigh,med,2,more,small,med,unacc
949,vhigh,low,3,4,med,med,unacc
950,med,vhigh,5more,2,small,med,unacc
951,vhigh,med,2,2,med,high,unacc
952,med,low,2,4,big,low,unacc
953,low,med,5more,more,big,high,vgood
954,vhigh,med,5more,4,big,med,acc
955,high,vhigh,4,4,med,med,unacc
956,vhigh,high,4,2,small,high,unacc
957,med,high,4,more,med,high,acc
958,high,low,2,more,big,med,acc
959,vhigh,low,4,more,small,high,acc
960,vhigh,vhigh,4,4,big,med,unacc
961,vhigh,low,3,more,med,high,acc
962,vhigh,high,3,2,big,high,unacc
963,low,vhigh,5more,4,big,low,unacc
964,vhigh,high,2,4,small,med,unacc
965,vhigh,high,3,more,small,high,unacc
966,vhigh,high,4,2,med,high,unacc
967,low,low,3,4,med,high,good
968,high,vhigh,4,2,small,low,unacc
969,med,vhigh,5more,2,big,med,unacc
970,med,med,2,more,small,low,unacc
971,low,vhigh,2,2,big,low,unacc
972,vhigh,vhigh,2,more,med,high,unacc
973,low,med,3,2,med,low,unacc
974,med,med,3,4,big,high,vgood
975,med,med,4,more,big,high,vgood
976,low,low,5more,more,small,high,good
977,med,low,5more,more,big,med,good
978,high,high,4,more,small,high,acc
979,med,low,4,2,small,high,unacc
980,vhigh,vhigh,4,4,small,high,unacc
981,med,vhigh,2,4,small,high,acc
982,low,vhigh,3,more,small,high,acc
983,low,med,3,more,small,low,unacc
984,med,high,5more,4,big,low,unacc
985,med,low,2,2,big,high,unacc
986,med,med,2,2,big,high,unacc
987,vhigh,high,3,more,big,low,unacc
988,med,med,2,4,big,high,vgood
989,med,high,4,more,small,high,acc
990,high,med,5more,4,small,high,acc
991,med,high,4,2,big,high,unacc
992,low,low,4,2,med,high,unacc
993,low,high,3,4,med,low,unacc
994,high,vhigh,4,more,big,low,unacc
995,med,med,4,more,med,med,acc
996,low,high,4,more,small,low,unacc
997,med,med,5more,4,big,high,vgood
998,vhigh,low,5more,2,big,low,unacc
999,high,med,5more,more,small,high,acc
1000,med,high,5more,more,med,low,unacc
1001,high,vhigh,2,4,small,low,unacc
1002,vhigh,med,5more,4,small,high,acc
1003,med,vhigh,4,4,med,med,acc
1004,med,low,4,more,med,low,unacc
1005,vhigh,med,3,4,small,high,acc
1006,vhigh,high,4,4,big,med,unacc
1007,high,vhigh,2,2,small,low,unacc
1008,low,low,3,more,small,high,good
1009,low,med,3,2,big,low,unacc
1010,vhigh,med,5more,2,big,med,unacc
1011,med,vhigh,3,2,small,low,unacc
1012,vhigh,med,5more,4,med,high,acc
1013,high,med,3,2,small,low,unacc
1014,high,med,4,2,small,high,unacc
1015,med,vhigh,4,2,med,low,unacc
1016,high,high,4,2,big,high,unacc
1017,med,vhigh,5more,2,med,med,unacc
1018,high,med,2,4,med,high,acc
1019,vhigh,high,5more,more,big,high,unacc
1020,low,med,3,more,med,med,good
1021,high,low,2,4,big,med,acc
1022,vhigh,med,3,2,med,low,unacc
1023,med,vhigh,4,more,small,high,acc
1024,vhigh,med,4,4,med,high,acc
1025,high,vhigh,3,4,med,high,unacc
1026,vhigh,low,4,more,big,high,acc
1027,vhigh,low,4,more,big,low,unacc
1028,high,high,5more,2,small,med,unacc
1029,med,low,5more,2,big,high,unacc
1030,high,low,5more,2,med,high,unacc
1031,high,low,5more,more,med,high,acc
1032,vhigh,high,5more,2,small,med,unacc
1033,med,low,2,2,med,low,unacc
1034,low,vhigh,2,2,med,low,unacc
1035,high,vhigh,2,4,med,low,unacc
1036,med,vhigh,3,more,small,med,unacc
1037,med,med,4,more,med,high,vgood
1038,vhigh,low,5more,more,med,high,acc
1039,med,med,5more,2,small,high,unacc
1040,low,med,5more,4,big,low,unacc
1041,low,high,4,2,med,high,unacc
1042,low,high,3,2,big,med,unacc
1043,vhigh,vhigh,2,2,small,high,unacc
1044,vhigh,high,4,4,big,high,unacc
1045,high,high,4,2,med,med,unacc
1046,high,vhigh,2,2,big,low,unacc
1047,low,low,4,more,med,high,vgood
1048,vhigh,vhigh,4,2,big,low,unacc
1049,high,high,4,more,small,med,unacc
1050,low,vhigh,4,2,small,med,unacc
1051,high,high,4,4,small,high,acc
1052,low,low,5more,4,small,med,acc
1053,high,vhigh,5more,4,small,med,unacc
1054,high,med,3,2,med,med,unacc
1055,med,med,4,2,med,med,unacc
1056,low,low,4,4,small,low,unacc
1057,med,high,4,more,small,low,unacc
1058,low,vhigh,3,more,big,high,acc
1059,high,low,4,4,big,med,acc
1060,low,med,4,2,small,med,unacc
1061,high,med,2,2,small,high,unacc
1062,low,low,3,4,big,med,good
1063,vhigh,low,2,2,small,low,unacc
1064,high,med,5more,4,med,high,acc
1065,high,high,2,4,med,low,unacc
1066,high,med,2,more,med,med,unacc
1067,high,low,2,more,small,high,unacc
1068,low,low,3,2,small,low,unacc
1069,vhigh,vhigh,2,more,small,low,unacc
1070,vhigh,low,5more,2,med,med,unacc
1071,vhigh,low,4,2,small,med,unacc
1072,med,high,3,2,small,high,unacc
1073,high,high,5more,2,small,low,unacc
1074,low,vhigh,4,more,big,med,acc
1075,vhigh,vhigh,3,more,small,high,unacc
1076,med,med,4,4,small,high,acc
1077,med,high,2,2,med,med,unacc
1078,med,low,3,4,small,low,unacc
1079,low,low,4,more,small,low,unacc
1080,low,low,2,4,med,high,good
1081,low,med,2,2,small,high,unacc
1082,low,low,2,more,big,med,good
1083,med,med,5more,2,med,med,unacc
1084,vhigh,vhigh,4,4,big,high,unacc
1085,high,high,5more,more,small,med,unacc
1086,vhigh,med,5more,2,big,high,unacc
1087,med,med,2,4,big,med,acc
1088,med,med,3,2,big,high,unacc
1089,high,vhigh,2,4,med,med,unacc
1090,vhigh,vhigh,5more,more,big,low,unacc
1091,low,low,5more,2,med,med,unacc
1092,vhigh,high,3,4,big,med,unacc
1093,high,vhigh,3,2,med,low,unacc
1094,med,med,3,more,med,high,vgood
1095,vhigh,vhigh,4,4,small,med,unacc
1096,vhigh,high,3,4,big,low,unacc
1097,high,low,3,4,big,high,acc
1098,low,high,3,2,med,low,unacc
1099,med,vhigh,5more,2,small,high,unacc
1100,low,low,3,more,med,high,vgood
1101,high,vhigh,2,2,small,med,unacc
1102,high,vhigh,2,2,med,low,unacc
1103,high,low,2,4,small,low,unacc
1104,med,med,2,more,small,med,unacc
1105,vhigh,vhigh,4,2,big,med,unacc
1106,med,vhigh,2,2,small,med,unacc
1107,vhigh,med,2,2,big,high,unacc
1108,high,high,4,2,big,low,unacc
1109,low,high,5more,4,big,low,unacc
1110,med,med,5more,more,med,low,unacc
1111,vhigh,vhigh,5more,2,med,med,unacc
1112,low,vhigh,2,4,med,med,unacc
1113,low,low,4,more,med,med,good
1114,low,high,2,more,small,med,unacc
1115,med,vhigh,2,4,med,high,acc
1116,high,high,2,4,big,high,acc
1117,low,vhigh,3,2,med,low,unacc
1118,low,high,3,2,small,med,unacc
1119,high,high,2,2,big,high,unacc
1120,low,low,2,more,big,high,vgood
1121,high,low,4,2,small,high,unacc
1122,high,low,2,4,big,high,acc
1123,low,high,4,more,big,low,unacc
1124,med,high,2,2,big,high,unacc
1125,vhigh,low,2,2,med,med,unacc
1126,med,med,4,more,big,low,unacc
1127,low,low,2,more,big,low,unacc
1128,vhigh,vhigh,4,2,med,high,unacc
1129,high,high,5more,2,small,high,unacc
1130,med,high,2,4,small,high,acc
1131,low,high,3,2,small,high,unacc
1132,vhigh,med,4,2,med,low,unacc
1133,med,vhigh,4,4,small,low,unacc
1134,med,med,2,4,med,low,unacc
1135,med,high,4,2,small,high,unacc
1136,med,low,5more,more,small,med,acc
1137,high,vhigh,4,2,big,med,unacc
1138,med,low,4,2,med,med,unacc
1139,high,high,2,more,big,med,acc
1140,low,low,4,more,big,high,vgood
1141,med,low,4,more,med,med,good
1142,med,vhigh,2,more,med,med,unacc
1143,high,vhigh,5more,4,med,high,unacc
1144,med,vhigh,2,2,big,low,unacc
1145,med,low,3,more,big,med,good
1146,med,low,2,4,big,high,vgood
1147,vhigh,med,2,4,med,med,unacc
1148,high,med,4,more,small,high,acc
1149,high,high,4,2,med,low,unacc
1150,vhigh,med,5more,more,big,high,acc
1151,low,med,3,more,big,med,good
1152,high,low,3,2,big,low,unacc
1153,low,vhigh,5more,more,big,low,unacc
1154,high,med,3,4,med,low,unacc
1155,low,med,5more,2,med,low,unacc
1156,high,vhigh,4,4,big,low,unacc
1157,high,high,5more,2,big,med,unacc
1158,vhigh,low,4,more,med,med,acc
1159,low,vhigh,3,2,small,high,unacc
1160,low,low,5more,more,small,low,unacc
1161,low,low,2,more,small,med,unacc
1162,vhigh,med,4,2,med,med,unacc
1163,high,vhigh,3,more,big,high,unacc
1164,med,low,5more,4,big,med,good
1165,vhigh,vhigh,5more,4,small,med,unacc
1166,med,vhigh,5more,more,big,high,acc
1167,vhigh,med,5more,2,med,low,unacc
1168,high,low,2,4,small,high,acc
1169,high,vhigh,5more,more,small,med,unacc
1170,vhigh,vhigh,3,2,small,low,unacc
1171,vhigh,high,2,more,med,low,unacc
1172,high,vhigh,5more,4,big,med,unacc
1173,vhigh,med,3,more,med,low,unacc
1174,vhigh,high,4,4,small,low,unacc
1175,med,low,5more,more,med,high,vgood
1176,med,vhigh,3,4,big,low,unacc
1177,vhigh,high,3,2,med,med,unacc
1178,high,med,3,2,big,high,unacc
1179,vhigh,med,2,4,big,med,acc
1180,med,vhigh,2,2,med,med,unacc
1181,vhigh,vhigh,4,4,small,low,unacc
1182,low,low,3,more,big,low,unacc
1183,vhigh,vhigh,5more,2,big,high,unacc
1184,vhigh,low,3,more,big,low,unacc
1185,low,vhigh,4,4,big,med,acc
1186,vhigh,low,5more,2,small,low,unacc
1187,low,high,2,2,med,high,unacc
1188,high,low,5more,2,big,med,unacc
1189,med,med,4,more,big,med,acc
1190,low,low,3,4,med,med,acc
1191,high,high,3,more,small,low,unacc
1192,vhigh,vhigh,3,4,med,low,unacc
1193,low,vhigh,2,more,small,low,unacc
1194,med,vhigh,5more,4,big,med,acc
1195,low,low,5more,2,big,med,unacc
1196,vhigh,low,2,4,med,low,unacc
1197,med,med,2,2,med,low,unacc
1198,vhigh,high,2,more,big,low,unacc
1199,high,vhigh,5more,4,small,low,unacc
1200,high,low,2,4,med,low,unacc
1201,med,vhigh,4,2,big,low,unacc
1202,vhigh,vhigh,3,4,small,high,unacc
1203,med,med,3,4,big,low,unacc
1204,med,med,5more,more,big,high,vgood
1205,med,high,4,4,big,med,acc
1206,vhigh,vhigh,3,2,med,high,unacc
1207,med,low,2,more,small,med,unacc
1208,med,low,3,4,big,med,good
1209,vhigh,vhigh,5more,2,small,low,unacc
1210,vhigh,low,4,more,small,low,unacc
1211,low,med,5more,4,small,med,acc
1212,vhigh,low,4,4,big,low,unacc
1213,low,low,2,4,big,med,good
1214,med,low,5more,more,med,med,good
1215,vhigh,med,2,4,small,high,acc
1216,vhigh,vhigh,5more,more,med,high,unacc
1217,med,high,2,4,big,high,acc
1218,vhigh,vhigh,3,more,small,low,unacc
1219,high,vhigh,3,more,med,med,unacc
1220,vhigh,vhigh,3,4,big,med,unacc
1221,high,low,4,2,big,low,unacc
1222,vhigh,vhigh,4,2,big,high,unacc
1223,low,high,3,4,big,low,unacc
1224,vhigh,vhigh,5more,4,big,med,unacc
1225,med,high,4,4,small,low,unacc
1226,low,high,2,2,big,low,unacc
1227,low,vhigh,4,2,med,high,unacc
1228,med,med,3,more,small,med,acc
1229,vhigh,low,3,2,small,med,unacc
1230,vhigh,med,2,more,big,med,acc
1231,vhigh,high,5more,more,big,low,unacc
1232,high,low,5more,4,med,med,acc
1233,high,high,5more,more,med,med,acc
1234,med,med,3,more,big,med,acc
1235,med,vhigh,3,4,big,med,acc
1236,med,high,3,more,med,high,acc
1237,high,high,3,more,med,med,acc
1238,high,high,2,4,big,med,acc
1239,med,low,3,4,big,high,vgood
1240,med,med,4,more,small,high,acc
1241,vhigh,high,3,2,small,high,unacc
1242,low,med,4,2,small,high,unacc
1243,high,low,3,more,big,med,acc
1244,med,vhigh,4,4,small,high,acc
1245,low,vhigh,4,more,small,low,unacc
1246,vhigh,low,5more,4,small,med,unacc
1247,low,high,4,more,med,low,unacc
1248,vhigh,vhigh,5more,2,small,high,unacc
1249,low,high,4,2,big,med,unacc
1250,low,low,5more,2,med,low,unacc
1251,low,med,2,2,med,med,unacc
1252,high,high,2,4,small,med,unacc
1253,vhigh,vhigh,4,4,med,high,unacc
1254,vhigh,vhigh,5more,4,big,low,unacc
1255,low,high,4,2,big,low,unacc
1256,med,high,4,more,med,med,acc
1257,low,med,5more,4,small,low,unacc
1258,low,low,2,2,med,high,unacc
1259,med,med,2,2,big,low,unacc
1260,vhigh,med,2,4,small,med,unacc
1261,high,vhigh,4,2,small,med,unacc
1262,med,vhigh,4,4,med,low,unacc
1263,med,high,5more,4,small,high,acc
1264,vhigh,med,4,more,small,low,unacc
1265,med,med,2,4,small,low,unacc
1266,med,vhigh,5more,more,med,low,unacc
1267,med,vhigh,5more,more,big,med,acc
1268,low,med,2,more,med,high,good
1269,med,vhigh,4,2,small,med,unacc
1270,low,high,2,4,small,med,acc
1271,med,high,5more,4,small,low,unacc
1272,vhigh,med,5more,2,small,high,unacc
1273,low,vhigh,4,more,small,high,acc
1274,low,high,2,more,small,high,unacc
1275,low,vhigh,5more,4,med,high,acc
1276,low,med,4,more,big,med,good
1277,low,high,3,4,small,low,unacc
1278,high,low,4,more,small,low,unacc
1279,high,vhigh,2,more,med,med,unacc
1280,vhigh,vhigh,2,more,big,low,unacc
1281,low,med,4,more,small,low,unacc
1282,high,vhigh,4,2,med,high,unacc
1283,med,vhigh,4,4,small,med,unacc
1284,med,med,4,4,big,low,unacc
1285,med,low,2,2,big,low,unacc
1286,med,low,2,4,med,low,unacc
1287,vhigh,vhigh,2,2,med,high,unacc
1288,high,med,4,2,small,med,unacc
1289,high,high,2,more,med,low,unacc
1290,low,low,2,2,med,med,unacc
1291,vhigh,low,4,4,small,high,acc
1292,low,vhigh,2,4,med,high,acc
1293,high,vhigh,2,2,big,high,unacc
1294,low,med,5more,more,big,low,unacc
1295,vhigh,vhigh,5more,2,med,low,unacc
1296,vhigh,low,5more,2,med,low,unacc
1297,med,vhigh,4,more,big,low,unacc
1298,med,high,2,more,small,low,unacc
1299,low,low,3,more,small,med,acc
1300,med,vhigh,3,more,big,high,acc
1301,med,high,4,more,big,low,unacc
1302,med,med,5more,2,small,low,unacc
1303,med,high,4,2,big,med,unacc
1304,vhigh,vhigh,4,4,med,low,unacc
1305,low,low,3,2,big,med,unacc
1306,vhigh,med,2,2,med,med,unacc
1307,high,high,3,more,big,med,acc
1308,low,low,2,4,small,med,acc
1309,vhigh,high,3,4,med,med,unacc
1310,high,low,5more,4,big,low,unacc
1311,low,high,3,more,med,high,vgood
1312,med,high,3,more,small,low,unacc
1313,low,high,5more,more,small,med,acc
1314,low,low,3,4,big,low,unacc
1315,med,med,5more,more,med,med,acc
1316,high,vhigh,4,more,small,med,unacc
1317,low,high,2,more,med,med,acc
1318,low,high,2,2,big,high,unacc
1319,vhigh,low,4,2,med,high,unacc
1320,low,vhigh,5more,more,small,high,acc
1321,high,med,3,4,big,high,acc
1322,med,high,5more,2,med,high,unacc
1323,med,med,4,2,small,med,unacc
1324,vhigh,low,3,more,small,high,acc
1325,high,high,2,more,big,low,unacc
1326,med,high,5more,4,big,high,acc
1327,med,low,4,4,big,med,good
1328,low,high,2,more,small,low,unacc
1329,vhigh,vhigh,3,4,small,med,unacc
1330,low,med,5more,more,med,high,vgood
1331,low,high,2,more,big,high,vgood
1332,high,vhigh,4,2,med,med,unacc
1333,vhigh,high,4,4,med,low,unacc
1334,med,vhigh,3,4,small,high,acc
1335,low,low,4,4,small,med,acc
1336,med,med,4,4,med,med,acc
1337,low,vhigh,5more,2,big,med,unacc
1338,low,vhigh,3,more,med,med,acc
1339,low,med,5more,4,big,high,vgood
1340,vhigh,med,4,more,big,low,unacc
1341,med,low,3,more,small,low,unacc
1342,med,vhigh,5more,2,med,low,unacc
1343,high,med,4,more,big,med,acc
1344,med,med,5more,2,med,low,unacc
1345,vhigh,vhigh,5more,2,med,high,unacc
1346,vhigh,med,4,more,big,med,acc
1347,high,low,5more,2,small,low,unacc
1348,low,low,4,2,med,med,unacc
1349,high,high,4,more,big,low,unacc
1350,med,low,4,2,big,high,unacc
1351,low,low,5more,4,big,high,vgood
1352,low,low,3,4,small,med,acc
1353,vhigh,med,4,more,small,high,acc
1354,vhigh,high,4,4,med,med,unacc
1355,low,high,4,more,small,med,acc
1356,low,high,5more,2,small,low,unacc
1357,high,high,2,2,big,low,unacc
1358,low,low,4,4,big,med,good
1359,low,vhigh,3,4,small,high,acc
1360,high,high,3,2,big,low,unacc
1361,low,high,3,4,med,med,acc
1362,med,vhigh,2,4,small,low,unacc
1363,med,low,2,4,small,high,good
1364,low,med,3,4,med,high,good
1365,high,med,2,more,small,med,unacc
1366,high,high,2,more,med,med,unacc
1367,vhigh,med,2,more,med,low,unacc
1368,vhigh,vhigh,2,2,med,low,unacc
1369,high,med,5more,2,med,low,unacc
1370,vhigh,vhigh,3,more,big,med,unacc
1371,vhigh,high,4,2,small,med,unacc
1372,high,low,3,4,med,low,unacc
1373,vhigh,med,2,4,med,high,acc
1374,low,high,3,2,big,high,unacc
1375,vhigh,med,2,2,small,low,unacc
1376,high,high,5more,2,big,high,unacc
1377,vhigh,vhigh,4,2,small,high,unacc
1378,high,high,4,more,small,low,unacc
1379,med,vhigh,5more,more,med,med,acc
1380,low,low,5more,more,med,med,good
1381,high,low,2,4,big,low,unacc
1382,med,low,3,4,big,low,unacc
1383,high,med,2,4,big,low,unacc
1384,vhigh,vhigh,5more,more,big,med,unacc
1385,med,vhigh,2,4,med,med,unacc
1386,low,vhigh,4,more,small,med,unacc
1387,high,med,5more,more,big,low,unacc
1388,vhigh,low,5more,4,med,low,unacc
1389,low,med,5more,2,big,med,unacc
1390,vhigh,med,5more,4,med,low,unacc
1391,high,low,3,4,big,low,unacc
1392,vhigh,vhigh,5more,more,med,low,unacc
1393,med,low,3,more,med,med,good
1394,low,vhigh,3,more,big,med,acc
1395,high,vhigh,2,4,big,high,unacc
1396,high,med,5more,2,small,low,unacc
1397,low,vhigh,3,more,med,high,acc
1398,med,med,3,4,small,high,acc
1399,low,med,3,more,med,high,vgood
1400,vhigh,vhigh,5more,more,big,high,unacc
1401,low,med,3,more,med,low,unacc
1402,vhigh,low,5more,2,small,high,unacc
1403,vhigh,high,3,2,big,low,unacc
1404,low,med,5more,more,big,med,good
1405,high,high,5more,4,small,med,unacc
1406,med,vhigh,5more,2,big,high,unacc
1407,med,med,4,2,big,med,unacc
1408,low,vhigh,3,4,big,low,unacc
1409,low,low,4,4,big,low,unacc
1410,high,med,5more,2,big,med,unacc
1411,med,vhigh,3,2,med,low,unacc
1412,high,med,4,more,small,low,unacc
1413,vhigh,low,2,4,med,med,unacc
1414,vhigh,med,4,2,small,high,unacc
1415,vhigh,high,2,2,big,high,unacc
1416,vhigh,med,5more,more,med,med,acc
1417,med,med,2,more,med,med,acc
1418,high,high,5more,4,big,high,acc
1419,high,low,3,4,med,high,acc
1420,med,low,3,4,small,high,good
1421,high,low,2,2,big,med,unacc
1422,high,vhigh,4,2,big,low,unacc
1423,high,vhigh,3,4,big,low,unacc
1424,low,low,4,more,big,med,good
1425,vhigh,med,3,4,med,low,unacc
1426,vhigh,vhigh,3,2,big,low,unacc
1427,low,vhigh,2,more,med,low,unacc
1428,low,high,3,2,small,low,unacc
1429,high,med,3,4,med,med,unacc
1430,low,vhigh,5more,more,big,high,acc
1431,med,low,2,2,small,med,unacc
1432,high,high,3,more,med,low,unacc
1433,vhigh,vhigh,5more,4,med,med,unacc
1434,low,med,3,2,big,med,unacc
1435,med,med,3,more,big,high,vgood
1436,vhigh,low,4,4,big,med,acc
1437,med,vhigh,2,more,med,high,acc
1438,vhigh,high,5more,2,med,low,unacc
1439,med,low,5more,2,med,high,unacc
1440,low,low,2,4,small,high,good
1441,low,low,4,2,med,low,unacc
1442,med,low,4,4,small,low,unacc
1443,vhigh,low,3,4,big,high,acc
1444,vhigh,low,2,more,med,med,unacc
1445,high,med,2,more,big,low,unacc
1446,med,low,3,2,med,high,unacc
1447,vhigh,low,2,2,med,high,unacc
1448,vhigh,high,3,4,small,low,unacc
1449,low,high,4,2,med,med,unacc
1450,vhigh,med,4,more,med,low,unacc
1451,med,low,4,4,med,med,good
1452,vhigh,med,5more,2,med,high,unacc
1453,med,vhigh,2,2,small,low,unacc
1454,high,low,2,2,med,low,unacc
1455,med,low,4,2,big,low,unacc
1456,vhigh,vhigh,3,2,small,high,unacc
1457,low,med,2,4,big,high,vgood
1458,med,low,3,4,small,med,acc
1459,med,low,5more,more,small,low,unacc
1460,low,high,2,4,med,med,acc
1461,med,low,3,2,med,low,unacc
1462,high,med,3,more,small,med,unacc
1463,vhigh,low,4,4,small,low,unacc
1464,high,med,4,4,med,high,acc
1465,high,high,2,more,med,high,acc
1466,med,med,5more,more,big,med,acc
1467,high,vhigh,4,4,small,med,unacc
1468,vhigh,high,5more,2,med,med,unacc
1469,low,low,5more,2,small,high,unacc
1470,low,low,5more,4,med,low,unacc
1471,vhigh,high,5more,4,big,med,unacc
1472,med,low,2,more,small,low,unacc
1473,high,vhigh,5more,4,med,low,unacc
1474,low,vhigh,3,2,small,low,unacc
1475,vhigh,low,3,4,med,low,unacc
1476,high,high,2,4,med,med,unacc
1477,low,high,5more,more,big,high,vgood
1478,high,low,4,4,big,low,unacc
1479,low,high,4,2,big,high,unacc
1480,med,low,3,more,big,high,vgood
1481,vhigh,vhigh,5more,2,big,med,unacc
1482,vhigh,high,4,more,med,med,unacc
1483,vhigh,high,4,more,big,med,unacc
1484,high,high,3,4,small,low,unacc
1485,low,med,2,more,small,low,unacc
1486,vhigh,vhigh,4,more,small,med,unacc
1487,high,high,4,2,small,high,unacc
1488,med,high,3,4,med,high,acc
1489,high,vhigh,4,4,big,high,unacc
1490,low,high,5more,more,small,low,unacc
1491,vhigh,high,5more,more,small,low,unacc
1492,high,med,3,2,med,high,unacc
1493,high,high,3,more,big,low,unacc
1494,vhigh,low,3,more,small,med,unacc
1495,med,low,2,more,med,med,acc
1496,low,med,4,4,med,high,vgood
1497,vhigh,med,3,4,small,med,unacc
1498,low,low,2,more,med,high,good
1499,low,high,5more,4,small,med,acc
1500,vhigh,low,5more,4,big,high,acc
1501,low,high,3,4,big,med,acc
1502,vhigh,med,4,4,big,high,acc
1503,low,high,2,2,small,low,unacc
1504,low,low,3,more,small,low,unacc
1505,med,med,3,2,big,low,unacc
1506,high,vhigh,5more,2,small,med,unacc
1507,high,high,2,more,small,med,unacc
1508,med,med,4,more,small,low,unacc
1509,high,med,2,more,big,med,acc
1510,med,vhigh,4,more,med,low,unacc
1511,med,low,4,2,med,high,unacc
1512,low,med,2,more,big,high,vgood
1513,low,low,3,2,small,high,unacc
1514,low,med,4,4,med,low,unacc
1515,high,med,4,2,med,low,unacc
1516,vhigh,med,3,more,small,med,unacc
1517,med,high,3,more,big,high,acc
1518,high,med,3,4,small,low,unacc
1519,med,low,4,4,med,low,unacc
1520,high,low,3,more,med,high,acc
1521,med,med,5more,4,small,med,acc
1522,vhigh,high,2,more,big,med,unacc
1523,high,med,2,2,med,high,unacc
1524,vhigh,med,4,2,big,med,unacc
1525,low,vhigh,3,2,med,high,unacc
1526,high,low,4,4,small,low,unacc
1527,high,low,4,2,med,med,unacc
1528,low,high,2,2,big,med,unacc
1529,high,vhigh,2,4,small,high,unacc
1530,low,vhigh,5more,2,small,high,unacc
1531,high,high,3,more,big,high,acc
1532,high,vhigh,5more,4,big,low,unacc
1533,med,vhigh,3,4,med,med,unacc
1534,med,high,5more,2,small,high,unacc
1535,high,low,3,4,big,med,acc
1536,low,vhigh,5more,more,med,low,unacc
1537,vhigh,high,4,more,med,high,unacc
1538,high,vhigh,3,more,med,high,unacc
1539,med,low,3,2,med,med,unacc
1540,high,low,3,2,med,high,unacc
1541,low,high,2,more,big,low,unacc
1542,med,vhigh,2,more,big,high,acc
1543,med,high,2,4,small,low,unacc
1544,med,vhigh,4,2,big,med,unacc
1545,high,med,2,4,med,low,unacc
1546,high,high,5more,more,big,low,unacc
1547,low,high,4,4,med,med,acc
1548,low,vhigh,5more,4,med,med,acc
1549,vhigh,med,5more,2,small,low,unacc
1550,high,med,3,2,med,low,unacc
1551,low,high,5more,4,med,med,acc
1552,low,low,3,2,big,high,unacc
1553,med,low,3,2,big,high,unacc
1554,vhigh,high,5more,more,small,med,unacc
1555,vhigh,vhigh,3,more,big,low,unacc
1556,med,high,3,4,big,med,acc
1557,vhigh,med,2,2,small,med,unacc
1558,vhigh,vhigh,4,2,med,med,unacc
1559,low,vhigh,2,more,med,high,acc
1560,low,vhigh,5more,2,med,low,unacc
1561,med,vhigh,3,4,big,high,acc
1562,high,high,2,4,small,high,acc
1563,high,high,5more,4,med,med,acc
1564,med,low,3,more,big,low,unacc
1565,vhigh,low,2,more,big,med,acc
1566,high,med,2,4,med,med,unacc
1567,low,low,3,4,med,low,unacc
1568,low,high,5more,4,small,high,acc
1569,vhigh,high,5more,2,small,high,unacc
1570,low,med,4,2,small,low,unacc
1571,low,med,2,4,small,med,acc
1572,vhigh,high,4,2,med,med,unacc
1573,med,vhigh,3,2,small,med,unacc
1574,vhigh,med,2,4,med,low,unacc
1575,vhigh,low,5more,2,med,high,unacc
1576,high,low,3,more,big,low,unacc
1577,high,low,3,2,small,high,unacc
1578,vhigh,high,5more,2,small,low,unacc
1579,high,vhigh,5more,2,med,low,unacc
1580,vhigh,high,2,4,big,low,unacc
1581,low,vhigh,2,more,med,med,unacc
1582,med,high,2,2,big,low,unacc
1583,high,vhigh,3,4,small,low,unacc
1584,med,med,5more,more,small,low,unacc
1585,med,med,5more,2,big,med,unacc
1586,low,low,2,2,small,low,unacc
1587,low,low,2,2,med,low,unacc
1588,high,med,5more,4,big,high,acc
1589,vhigh,vhigh,2,4,small,med,unacc
1590,vhigh,high,4,more,med,low,unacc
1591,high,med,4,4,small,med,unacc
1592,vhigh,high,3,2,small,low,unacc
1593,med,med,4,2,big,low,unacc
1594,high,low,3,2,med,low,unacc
1595,vhigh,vhigh,4,2,small,low,unacc
1596,high,med,5more,more,med,low,unacc
1597,med,high,2,more,small,med,unacc
1598,low,high,3,more,med,med,acc
1599,vhigh,med,4,4,med,low,unacc
1600,high,low,4,2,med,low,unacc
1601,low,high,5more,2,big,med,unacc
1602,low,low,2,2,big,high,unacc
1603,high,high,2,2,med,med,unacc
1604,low,high,5more,4,med,high,vgood
1605,low,med,4,more,med,med,good
1606,med,high,3,2,med,med,unacc
1607,high,high,5more,more,med,low,unacc
1608,med,vhigh,4,4,med,high,acc
1609,low,low,3,more,med,med,good
1610,high,vhigh,2,more,small,low,unacc
1611,low,low,2,more,small,high,unacc
1612,vhigh,high,5more,more,med,med,unacc
1613,med,vhigh,2,more,small,low,unacc
1614,vhigh,vhigh,5more,4,med,high,unacc
1615,vhigh,med,5more,more,big,low,unacc
1616,high,vhigh,4,2,small,high,unacc
1617,vhigh,low,3,4,big,med,acc
1618,low,high,4,2,small,med,unacc
1619,high,vhigh,4,more,small,low,unacc
1620,med,med,3,4,big,med,acc
1621,low,high,4,4,small,high,acc
1622,vhigh,vhigh,3,more,med,high,unacc
1623,med,med,5more,2,small,med,unacc
1624,vhigh,high,4,2,big,med,unacc
1625,vhigh,low,5more,4,med,high,acc
1626,vhigh,vhigh,5more,more,med,med,unacc
1627,low,low,2,2,big,low,unacc
1628,vhigh,high,4,2,big,low,unacc
1629,high,vhigh,5more,2,small,low,unacc
1630,high,low,3,2,big,high,unacc
1631,low,low,5more,2,big,high,unacc
1632,vhigh,vhigh,2,2,big,med,unacc
1633,med,med,3,4,med,med,acc
1634,med,high,2,more,big,low,unacc
1635,med,med,4,2,small,high,unacc
1636,med,high,5more,2,med,low,unacc
1637,low,med,2,4,big,med,good
1638,vhigh,low,5more,more,med,med,acc
1639,low,low,4,4,med,low,unacc
1640,med,high,5more,4,med,med,acc
1641,high,vhigh,4,more,med,med,unacc
1642,vhigh,vhigh,2,more,small,high,unacc
1643,vhigh,med,4,2,big,low,unacc
1644,high,low,4,more,med,high,acc
1645,high,vhigh,3,2,big,low,unacc
1646,high,high,3,4,med,high,acc
1647,low,high,4,2,small,high,unacc
1648,vhigh,med,3,more,med,high,acc
1649,high,med,2,4,small,low,unacc
1650,low,high,2,4,small,low,unacc
1651,high,med,3,2,small,med,unacc
1652,high,med,5more,4,med,low,unacc
1653,high,low,4,more,med,med,acc
1654,low,low,4,2,big,high,unacc
1655,med,med,2,more,med,low,unacc
1656,med,med,2,2,small,med,unacc
1657,high,med,3,more,big,low,unacc
1658,high,med,5more,more,big,med,acc
1659,high,low,3,2,big,med,unacc
1660,med,low,5more,4,small,high,good
1661,vhigh,high,3,more,small,low,unacc
1662,low,med,5more,2,big,high,unacc
1663,vhigh,low,4,4,small,med,unacc
1664,low,vhigh,2,2,big,med,unacc
1665,vhigh,vhigh,2,more,med,med,unacc
1666,med,vhigh,4,more,big,high,acc
1667,vhigh,high,2,more,med,high,unacc
1668,high,vhigh,3,2,med,high,unacc
1669,low,vhigh,3,2,small,med,unacc
1670,low,low,3,2,med,high,unacc
1671,med,vhigh,5more,more,small,med,unacc
1672,vhigh,vhigh,4,more,med,high,unacc
1673,low,med,2,4,small,high,good
1674,low,med,4,2,med,med,unacc
1675,high,low,4,2,med,high,unacc
1676,low,high,4,4,med,high,vgood
1677,high,vhigh,5more,2,med,med,unacc
1678,high,med,4,2,small,low,unacc
1679,high,low,4,more,big,high,acc
1680,med,med,5more,4,big,med,acc
1681,high,low,2,more,big,low,unacc
1682,high,low,3,more,small,low,unacc
1683,med,low,2,more,small,high,unacc
1684,high,vhigh,3,2,small,med,unacc
1685,low,vhigh,3,more,big,low,unacc
1686,med,high,3,2,med,low,unacc
1687,vhigh,high,4,more,small,med,unacc
1688,med,high,4,4,small,med,unacc
1689,low,vhigh,5more,more,med,high,acc
1690,med,med,4,more,med,low,unacc
1691,med,vhigh,2,4,big,med,acc
1692,med,high,2,2,small,high,unacc
1693,high,low,2,more,small,med,unacc
1694,high,high,3,more,med,high,acc
1695,low,med,3,4,small,low,unacc
1696,vhigh,low,2,more,small,low,unacc
1697,med,low,4,more,small,high,good
1698,vhigh,low,3,2,big,high,unacc
1699,high,med,5more,2,small,high,unacc
1700,med,med,4,2,med,high,unacc
1701,low,med,3,2,small,low,unacc
1702,vhigh,low,4,4,big,high,acc
1703,low,high,2,2,med,med,unacc
1704,vhigh,high,5more,4,big,low,unacc
1705,high,low,5more,2,big,high,unacc
1706,vhigh,high,2,4,med,med,unacc
1707,high,med,3,2,big,low,unacc
1708,vhigh,low,3,2,small,low,unacc
1709,high,high,4,4,big,high,acc
1710,med,high,2,4,small,med,unacc
1711,high,vhigh,5more,2,big,high,unacc
1712,high,high,5more,4,small,high,acc
1713,low,low,5more,more,big,low,unacc
1714,med,med,2,more,small,high,unacc
1715,high,low,5more,more,small,high,acc
1716,high,med,2,2,med,med,unacc
1717,low,high,4,more,med,high,vgood
